{
  "1": 78.59541543026708,
  "2": 91.4737427652733,
  "3": 96.54447214076247,
  "4": 84.60554371002132,
  "5": 92.60172535211268,
  "6": 94.60670065549891,
  "7": 62.93873417721519,
  "8": 81.9345881006865
}