{
  "字符串": {
    "average": 97.04783100107642
  },
  "线性表": {
    "average": 98.62888888888887
  },
  "数组": {
    "average": 98.4953947746196
  },
  "查找算法": {
    "average": 98.45056106354212
  },
  "排序算法": {
    "average": 98.54383720930234
  },
  "数字操作": {
    "average": 99.22700557644922
  },
  "图结构": {
    "average": 95.59758293838865
  },
  "树结构": {
    "average": 96.43915884340973
  }
}