{
  "1": 69.02568249258162,
  "2": 80.73419292604501,
  "3": 91.28787390029325,
  "4": 73.16987206823028,
  "5": 83.50548122065727,
  "6": 87.54430444282593,
  "7": 35.73159493670886,
  "8": 59.83123569794051
}